{
  "ext/controller/Objectcontroller-dbg.controller.js": 1726029232834,
  "ext/controller/Objectcontroller.controller.js": 1726029232834,
  "ext/controller/Listcontroller.controller.js": 1726028566115,
  "manifest.json": 1726031141701,
  "Component.js": 1722313282861,
  "ext/controller/Listcontroller-dbg.controller.js": 1726028566115,
  "ext/controller/Listcontroller.controller.js.map": 1726031141887,
  "i18n/i18n.properties": 1722329670009,
  "ext/controller/Objectcontroller.controller.js.map": 1726031141903,
  "Component-dbg.js": 1722313282861,
  "Component.js.map": 1726031141876,
  "Component-preload.js": 1726031142116,
  "Component-preload.js.map": 1726031142116,
  "index.html": 1722313282865
}