{
  "ext/controller/Teacontroller-dbg.controller.js": 1725340381625,
  "ext/controller/Teacontroller.controller.js": 1725340381625,
  "ext/fragment/Attach.js": 1725088962223,
  "ext/controller/Teacherlistcontroller.controller.js": 1725267007207,
  "manifest.json": 1726031145983,
  "Component.js": 1722313998078,
  "ext/fragment/Attach-dbg.js": 1725088962223,
  "ext/fragment/Attach.js.map": 1726031146150,
  "i18n/i18n.properties": 1722329783854,
  "ext/controller/Teacontroller.controller.js.map": 1726031146153,
  "ext/controller/Teacherlistcontroller-dbg.controller.js": 1725267007207,
  "ext/controller/Teacherlistcontroller.controller.js.map": 1726031146150,
  "Component-dbg.js": 1722313998078,
  "Component.js.map": 1726031146134,
  "Component-preload.js": 1726031146371,
  "Component-preload.js.map": 1726031146371,
  "ext/fragment/Attach.fragment.xml": 1724992821666,
  "index.html": 1722313998078
}